4, "tmp.swf?version=18"
5, "EditorAssets.swf?version=4"
8, "testEnemies.swf?version=4"
13, "weapon.swf?version=2"
15, "PowerGridAssets.swf?version=41"
18, "weapons.swf?version=131"
19, "blood.swf?version=17"
20, "LabsAssets.swf?version=52"
21, "ZombieEggAssets.swf?version=56"
24, "enemy-spitter-zombie.swf?version=20"
25, "LastStandAssets.swf?version=24"
26, "avatar.swf?version=28"
27, "SurvivorsAssets.swf?version=8"
28, "enemy-slow-zombie.swf?version=34"
29, "enemy-fat-zombie.swf?version=17"
31, "enemy-runner-zombie.swf?version=15"
36, "enemy-zombdroid-soldier-zombie.swf?version=14"
37, "enemy-zombdroid-servant-zombie.swf?version=10"
38, "enemy-slow-zombie-v2.swf?version=24"
39, "enemy-faster-zombie-v2.swf?version=12"
41, "enemy-fat-zombie-v2.swf?version=14"
42, "Shadows.swf?version=7"
43, "enemy-runner-zombie-v2.swf?version=16"
44, "enemy-shielded-zombie-v2.swf?version=13"
46, "enemy-boss1-zombie.swf?version=24"
47, "enemy-boss2-zombie.swf?version=10"
51, "enemy-worm-zombie.swf?version=19"
53, "enemy-faster-zombie.swf?version=20"
54, "OnslaughtAssets.swf?version=45"
55, "LandingBayAssets.swf?version=54"
56, "enemy-spitter-zombie-v2.swf?version=9"
61, "testDelete.swf?version=3"
62, "testEquipment.swf?version=4"
63, "enemy-shielded-zombie.swf?version=11"
64, "TestMaps.swf?version=103"
66, "TrainAssets.swf?version=26"
69, "sounds-explosions.swf?version=7"
71, "sounds-guns.swf?version=74"
72, "sounds-environment.swf?version=38"
75, "sounds-ambient.swf?version=9"
76, "sounds-mission.swf?version=33"
79, "greybox.swf?version=4"
80, "car.swf?version=7"
82, "GovernorAssets.swf?version=46"
83, "enemy-boss5-zombie.swf?version=17"
84, "Gib.swf?version=8"
85, "equipment.swf?version=32"
86, "enemy-fat-zombie-v3.swf?version=12"
87, "enemy-faster-zombie-v4.swf?version=10"
88, "enemy-faster-zombie-v3.swf?version=9"
89, "enemy-fat-zombie-v4.swf?version=10"
90, "enemy-runner-zombie-v3.swf?version=10"
91, "enemy-runner-zombie-v4.swf?version=10"
92, "enemy-shielded-zombie-v3.swf?version=8"
93, "enemy-shielded-zombie-v4.swf?version=8"
94, "enemy-slow-zombie-v3.swf?version=17"
95, "enemy-slow-zombie-v4.swf?version=18"
96, "enemy-spitter-zombie-v3.swf?version=8"
97, "enemy-spitter-zombie-v4.swf?version=11"
98, "Consumables.swf?version=22"
101, "enemy-boss4-zombie.swf?version=18"
102, "enemy-boss3-zombie.swf?version=11"
103, "SpitterAnimation.swf?version=11"
104, "WeaponsTurrets.swf?version=26"
106, "sounds-zombies.swf?version=27"
107, "civilians.swf?version=18"
110, "Effects.swf?version=104"
111, "sounds-player.swf?version=23"
113, "enemy-loaderbot-zombie.swf?version=9"
115, "Sas_Skills.swf?version=21"
118, "sounds-ui.swf?version=24"
120, "sounds-music.swf?version=23"
121, "OnslaughtIntroAnimation.swf?version=28"
123, "Survivors2Assets.swf?version=55"
125, "PreLoadedGear.swf?version=13"
127, "Cursors.swf?version=17"
129, "eggpod.swf?version=4"
130, "VaccineIntro.swf?version=3"
133, "powerGrid.swf?version=3"
134, "survivors.swf?version=8"
135, "vip.swf?version=3"
136, "zombiePods.swf?version=4"
137, "commonLevelAssets.swf?version=6"
138, "playerFont.swf?version=5"
139, "enemy-boss3-zombie-v2.swf?version=3"
140, "enemy-boss1-zombie-v2.swf?version=5"
141, "enemy-boss2-zombie-v2.swf?version=5"
142, "enemy-boss4-zombie-v2.swf?version=2"
143, "enemy-boss5-zombie-v2.swf?version=4"
144, "VIP-Character.swf?version=2"
145, "enemy-loaderbot-zombie-V2.swf?version=3"
146, "enemy-zombdroid-soldier-zombie-v2.swf?version=1"
147, "enemy-zombdroid-servant-zombie-V2.swf?version=1"
148, "ArenaMaps.swf?version=4"
149, "AlphaVirusAssets.swf?version=5"
150, "SnowAssets.swf?version=59"
151, "HVM_Soldier.swf?version=10"
152, "emptytextures.swf?version=3"
153, "New Weapons.swf?version=41"
154, "nightmareDecals.swf?version=1"
155, "NuclearAssets.swf?version=38"
156, "Contract1.swf?version=21"
157, "Highway.swf?version=10"
158, "CrashSite.swf?version=8"
159, "contractCommonAssets.swf?version=9"
160, "UraniumMine.swf?version=8"
161, "SpaceResort.swf?version=17"
162, "SeaLab.swf?version=10"
163, "VirusSampleAssets.swf?version=12"
164, "enemy-slow-zombie-christmas.swf?version=3"
165, "enemy-slow-zombie-christmas-v2.swf?version=3"
166, "enemy-slow-zombie-christmas-v3.swf?version=4"
167, "enemy-slow-zombie-christmas-v4.swf?version=3"
168, "enemy-slow-zombie-Halloween.swf?version=1"
169, "enemy-slow-zombie-Halloween-v2.swf?version=1"
170, "enemy-slow-zombie-Halloween-v3.swf?version=1"
171, "enemy-slow-zombie-Halloween-v4.swf?version=1"
172, "VIP-Character-Santa.swf?version=1"
173, "enemy-slow-zombie-Easter.swf?version=2"
174, "enemy-slow-zombie-Easter-v2.swf?version=4"
175, "enemy-slow-zombie-Easter-v3.swf?version=2"
176, "enemy-slow-zombie-Easter-v4.swf?version=2"
